Quote,Author,status,used_time,output,quote,author,error
"You have power over your mind — not outside events. Realize this, and you will find strength.",Marcus Aurelius,used,2026-01-05T11:02:52.447578,outputs/short_row0_ecaec9d2-5cd5-4fbd-b9a1-b92ff387afdf_1767610533.mp4,"You have power over your mind — not outside events. Realize this, and you will find strength.",Marcus Aurelius,
Waste no more time arguing about what a good man should be. Be one.,Marcus Aurelius,used,2026-01-05T11:44:38.056322,outputs/short_row1_f1940f32-6fd6-44b5-adea-d959c3a7a4a8_1767612948.mp4,Waste no more time arguing about what a good man should be. Be one.,Marcus Aurelius,
"If it is not right, do not do it; if it is not true, do not say it.",Marcus Aurelius,used,2026-01-05T16:11:59.525523,outputs/short_row2_69cb87d1-ad61-4dfb-ad97-1be2284ffac0__01_1767629085.mp4,"If it is not right, do not do it; if it is not true, do not say it.",Marcus Aurelius,
External things are not the problem. It's your assessment of them. Which you can erase right now.,Marcus Aurelius,used,2026-04-04T16:15:11.293139+00:00,outputs/job_6_1775319185.mp4,External things are not the problem. It's your assessment of them. Which you can erase right now.,Marcus Aurelius,
"Of all existing things some are in our power, and others are not in our power.",Epictetus,used,2026-04-04T17:54:13.406636+00:00,outputs/job_8_1775325113.mp4,"Of all existing things some are in our power, and others are not in our power.",Epictetus,
"It's not what happens to you, but how you react to it that matters.",Epictetus,,,,"It's not what happens to you, but how you react to it that matters.",Epictetus,
"Men are disturbed not by things, but by the views which they take of them.",Epictetus,,,,"Men are disturbed not by things, but by the views which they take of them.",Epictetus,
First say to yourself what you would be; and then do what you have to do.,Epictetus,,,,First say to yourself what you would be; and then do what you have to do.,Epictetus,
Freedom is the only worthy goal in life. It is won by disregarding things that lie beyond our control.,Epictetus,,,,Freedom is the only worthy goal in life. It is won by disregarding things that lie beyond our control.,Epictetus,
No man is free who is not master of himself.,Epictetus,,,,No man is free who is not master of himself.,Epictetus,
"Demand not that events should happen as you wish; but wish them to happen as they do happen, and your life will be serene.",Epictetus,,,,"Demand not that events should happen as you wish; but wish them to happen as they do happen, and your life will be serene.",Epictetus,
There are only a few who control themselves and their affairs by a guiding purpose.,Seneca,,,,There are only a few who control themselves and their affairs by a guiding purpose.,Seneca,
There are more things likely to frighten us than there are to crush us.,Seneca,,,,There are more things likely to frighten us than there are to crush us.,Seneca,
"Freedom is not achieved by satisfying desire, but by eliminating it.",Seneca,,,,"Freedom is not achieved by satisfying desire, but by eliminating it.",Seneca,
Be like a headland of rock on which the waves break incessantly; but it stands fast.,Marcus Aurelius,,,,Be like a headland of rock on which the waves break incessantly; but it stands fast.,Marcus Aurelius,
"My mind represents for me my medium – like wood to a carpenter, or leather to a shoemaker.",Epictetus,,,,"My mind represents for me my medium – like wood to a carpenter, or leather to a shoemaker.",Epictetus,
"Our actions may be impeded, but there can be no impeding our intentions or dispositions.",Marcus Aurelius,,,,"Our actions may be impeded, but there can be no impeding our intentions or dispositions.",Marcus Aurelius,
The impediment to action advances action. What stands in the way becomes the way.,Marcus Aurelius,,,,The impediment to action advances action. What stands in the way becomes the way.,Marcus Aurelius,
"It can ruin your life only if it ruins your character. Otherwise, it cannot harm you.",Marcus Aurelius,,,,"It can ruin your life only if it ruins your character. Otherwise, it cannot harm you.",Marcus Aurelius,
You could leave life right now. Let that determine what you do and say and think.,Marcus Aurelius,,,,You could leave life right now. Let that determine what you do and say and think.,Marcus Aurelius,
When you arise in the morning think of what a privilege it is to be alive.,Marcus Aurelius,,,,When you arise in the morning think of what a privilege it is to be alive.,Marcus Aurelius,
The chief task in life is simply this: to identify and separate matters so that I can say clearly to myself.,Seneca,,,,The chief task in life is simply this: to identify and separate matters so that I can say clearly to myself.,Seneca,
He is a wise man who does not grieve for the things which he has not.,Epictetus,,,,He is a wise man who does not grieve for the things which he has not.,Epictetus,
"It is in our power to have no opinion about a thing, and not to be disturbed in our soul.",Marcus Aurelius,,,,"It is in our power to have no opinion about a thing, and not to be disturbed in our soul.",Marcus Aurelius,
If anyone can refute me—show me I'm making a mistake—I'll gladly change.,Marcus Aurelius,,,,If anyone can refute me—show me I'm making a mistake—I'll gladly change.,Marcus Aurelius,
The happiness of your life depends upon the quality of your thoughts.,Marcus Aurelius,,,,The happiness of your life depends upon the quality of your thoughts.,Marcus Aurelius,
Accept whatever comes to you woven in the pattern of your destiny.,Marcus Aurelius,,,,Accept whatever comes to you woven in the pattern of your destiny.,Marcus Aurelius,
"You yourself, as much as anybody in the entire universe, deserve your love and affection.",Marcus Aurelius,,,,"You yourself, as much as anybody in the entire universe, deserve your love and affection.",Marcus Aurelius,
I should never think of any external event as forcing me to consider it in one way or in another.,Epictetus,,,,I should never think of any external event as forcing me to consider it in one way or in another.,Epictetus,
"Many such things will present themselves, not pleasing to every man.",Marcus Aurelius,,,,"Many such things will present themselves, not pleasing to every man.",Marcus Aurelius,
This is how we should act throughout life: where there are things that seem worthy.,Epictetus,,,,This is how we should act throughout life: where there are things that seem worthy.,Epictetus,
"To see them from above: the thousands of animal herds, the rituals.",Marcus Aurelius,,,,"To see them from above: the thousands of animal herds, the rituals.",Marcus Aurelius,
How many people don't even know your name. How many will soon have forgotten it.,Marcus Aurelius,,,,How many people don't even know your name. How many will soon have forgotten it.,Marcus Aurelius,
"What I advise you to do is, not to be unhappy before the crisis comes.",Epictetus,used,2026-04-04T15:54:53.497432+00:00,outputs/job_5_1775317956.mp4,"What I advise you to do is, not to be unhappy before the crisis comes.",Epictetus,
Mistakes are the growing pains of wisdom.,William George Jordan,,,,Mistakes are the growing pains of wisdom.,William George Jordan,
"Philosophy teaches us to act, not to speak.",Seneca,,,,"Philosophy teaches us to act, not to speak.",Seneca,
"Poverty does not come by the diminution of riches, but by the multiplication of desires.",Plato,,,,"Poverty does not come by the diminution of riches, but by the multiplication of desires.",Plato,
Desire demands the attainment of that which you desire.,Epictetus,,,,Desire demands the attainment of that which you desire.,Epictetus,
"If you want to improve, be content to be thought foolish and stupid.",Epictetus,,,,"If you want to improve, be content to be thought foolish and stupid.",Epictetus,
It is impossible for a man to learn what he thinks he already knows.,Epictetus,,,,It is impossible for a man to learn what he thinks he already knows.,Epictetus,
We suffer more often in imagination than in reality.,Seneca,,,,We suffer more often in imagination than in reality.,Seneca,
The mind is everything. What you think you become.,Buddha,,,,The mind is everything. What you think you become.,Buddha,
Character cannot be developed in ease and quiet. Only through experience of trial can the soul be strengthened.,Helen Keller,,,,Character cannot be developed in ease and quiet. Only through experience of trial can the soul be strengthened.,Helen Keller,
"Life is like riding a bicycle. To keep your balance, you must keep moving.",Albert Einstein,,,,"Life is like riding a bicycle. To keep your balance, you must keep moving.",Albert Einstein,
"As you start to walk on the way, the way appears.",Rumi,,,,"As you start to walk on the way, the way appears.",Rumi,
A man who finds no satisfaction in himself will seek for it in vain elsewhere.,La Rochefoucauld,,,,A man who finds no satisfaction in himself will seek for it in vain elsewhere.,La Rochefoucauld,
Recognizing that you are not where you want to be is a starting point to begin changing your life.,Deborah Day,,,,Recognizing that you are not where you want to be is a starting point to begin changing your life.,Deborah Day,
"Without continuous personal development, you are now all that you will ever become.",Eli Cohen,,,,"Without continuous personal development, you are now all that you will ever become.",Eli Cohen,
Do not let the memories of your past limit the potential of your future.,Roy T. Bennett,,,,Do not let the memories of your past limit the potential of your future.,Roy T. Bennett,
Move with purpose; the world will adjust to your rhythm.,Sebastian Wren,,,,Move with purpose; the world will adjust to your rhythm.,Sebastian Wren,
"Build a legacy where applause is optional, not essential.",Caleb Wilde,,,,"Build a legacy where applause is optional, not essential.",Caleb Wilde,
"Confidence grows in silence, nourished by challenge, not approval.",Roman Ellis,,,,"Confidence grows in silence, nourished by challenge, not approval.",Roman Ellis,
"Make impact your intention, not your announcement.",Levi Ashford,,,,"Make impact your intention, not your announcement.",Levi Ashford,
Your vision needs followers only if you cease to see it.,Rowan Blake,,,,Your vision needs followers only if you cease to see it.,Rowan Blake,
Let resilience be your proof; let results be your answer.,Freya Lennox,,,,Let resilience be your proof; let results be your answer.,Freya Lennox,
"The silent architect builds empires with quiet conviction, not commands.",Micah Sterling,,,,"The silent architect builds empires with quiet conviction, not commands.",Micah Sterling,
Lone journeys lead to peaks crowds have not yet glimpsed.,Adrian Hart,,,,Lone journeys lead to peaks crowds have not yet glimpsed.,Adrian Hart,
Independence isn't absence—it's the catalyst for genuine influence.,Elias Vale,,,,Independence isn't absence—it's the catalyst for genuine influence.,Elias Vale,
"Lead with vision forged in solitude, not applause from the gallery.",Asher Quinn,,,,"Lead with vision forged in solitude, not applause from the gallery.",Asher Quinn,
"The sigma mind listens to truth, not noise.",Lena Mercer,,,,"The sigma mind listens to truth, not noise.",Lena Mercer,
Courage is finding clarity when the world stirs confusion.,Ivy Laurent,,,,Courage is finding clarity when the world stirs confusion.,Ivy Laurent,
Invisible leaders shape visible destinies.,Amara Sloan,,,,Invisible leaders shape visible destinies.,Amara Sloan,
Solitude sharpens purpose; conformity blunts it.,Orion Frost,,,,Solitude sharpens purpose; conformity blunts it.,Orion Frost,
"The sigma leader chooses growth over comfort, even unseen.",Isla Maren,,,,"The sigma leader chooses growth over comfort, even unseen.",Isla Maren,
"Influence thrives in authenticity, not authority.",Gabriel Stone,,,,"Influence thrives in authenticity, not authority.",Gabriel Stone,
Real strength unfolds without demand for attention.,Nathaniel Gray,,,,Real strength unfolds without demand for attention.,Nathaniel Gray,
"Lead by navigating storms, not chasing calm seas.",Clara Voss,,,,"Lead by navigating storms, not chasing calm seas.",Clara Voss,
Unique paths make undeniable marks in the world's fabric.,Jonas Creed,,,,Unique paths make undeniable marks in the world's fabric.,Jonas Creed,
A sigma seeks wisdom where others fear silence.,Elise Monroe,,,,A sigma seeks wisdom where others fear silence.,Elise Monroe,
Principles outlast popularity in the heart of a true leader.,Vera Collins,,,,Principles outlast popularity in the heart of a true leader.,Vera Collins,
"Legacy is crafted in thoughtful action, not loud declarations.",Aria Bennett,used,2026-04-04T18:28:24.655547+00:00,outputs/job_10_1775327095.mp4,"Legacy is crafted in thoughtful action, not loud declarations.",Aria Bennett,
Consistency whispers louder than fleeting promises.,Lyra Bennett,,,,Consistency whispers louder than fleeting promises.,Lyra Bennett,
The sigma spirit bends for no tide but truth.,Mira Solen,,,,The sigma spirit bends for no tide but truth.,Mira Solen,
Grow quietly; let your impact tell your story.,Nora Ellison,,,,Grow quietly; let your impact tell your story.,Nora Ellison,
"The resilient walk alone, but their steps echo widely.",Theo Maren,,,,"The resilient walk alone, but their steps echo widely.",Theo Maren,
Guidance is best given by those unbeholden to applause.,Noah Everly,,,,Guidance is best given by those unbeholden to applause.,Noah Everly,
A sigma resolves conflict with insight instead of agitation.,Damian North,,,,A sigma resolves conflict with insight instead of agitation.,Damian North,
Your inner compass outperforms the crowd's directions.,Lucian Hale,,,,Your inner compass outperforms the crowd's directions.,Lucian Hale,
Lead yourself well; others will follow without command.,Maeve Hart,,,,Lead yourself well; others will follow without command.,Maeve Hart,
An original vision is more powerful than borrowed words.,Eva Sinclair,,,,An original vision is more powerful than borrowed words.,Eva Sinclair,
The sigma's compass points inward before shaping outward impact.,Adele Rowan,,,,The sigma's compass points inward before shaping outward impact.,Adele Rowan,
Unseen roots anchor some of the tallest trees of success.,Selene Harper,,,,Unseen roots anchor some of the tallest trees of success.,Selene Harper,
The true leader acts without applause but leaves echoes behind.,Julian Cross,,,,The true leader acts without applause but leaves echoes behind.,Julian Cross,
Solitude offers blueprints no committee could imagine.,Rosalie Frost,,,,Solitude offers blueprints no committee could imagine.,Rosalie Frost,
Quiet strength forges bridges over chasms of doubt.,Naomi Vale,,,,Quiet strength forges bridges over chasms of doubt.,Naomi Vale,
Standards set in silence echo further than a thousand speeches.,Aurora Lane,,,,Standards set in silence echo further than a thousand speeches.,Aurora Lane,
The sigma leader's greatest ally is unwavering self-honesty.,Sienna Vale,,,,The sigma leader's greatest ally is unwavering self-honesty.,Sienna Vale,
Endurance grows strongest in seasons of self-reliance.,Celia Monroe,,,,Endurance grows strongest in seasons of self-reliance.,Celia Monroe,
"In the sigma's domain, doubts become stepping stones.",Matteo Vale,,,,"In the sigma's domain, doubts become stepping stones.",Matteo Vale,
"Impact flows from intention, not interjection.",Silas Reed,,,,"Impact flows from intention, not interjection.",Silas Reed,
The leader who listens to solitude hears opportunity's knock first.,Felix Arden,,,,The leader who listens to solitude hears opportunity's knock first.,Felix Arden,
Novelty thrives in minds unfettered by consensus.,Dorian West,,,,Novelty thrives in minds unfettered by consensus.,Dorian West,
A sigma's presence steers tides without stirring waves.,Iris Mercer,,,,A sigma's presence steers tides without stirring waves.,Iris Mercer,
Greatness is carved from places untouched by compromise.,Cassian Wolfe,,,,Greatness is carved from places untouched by compromise.,Cassian Wolfe,
The most powerful decisions are forged in quiet conviction.,Elara Quinn,,,,The most powerful decisions are forged in quiet conviction.,Elara Quinn,
Authentic paths leave footprints inspiration will someday follow.,Ezra Calloway,,,,Authentic paths leave footprints inspiration will someday follow.,Ezra Calloway,
The sigma leads with questions where others cling to answers.,Daphne Cross,,,,The sigma leads with questions where others cling to answers.,Daphne Cross,
I do not follow trends; I set my compass to my vision.,Caleb Wilde,,,,I do not follow trends; I set my compass to my vision.,Caleb Wilde,
"The fewer the witnesses, the stronger my purpose feels.",Nathaniel Gray,,,,"The fewer the witnesses, the stronger my purpose feels.",Nathaniel Gray,
"I find comfort in discomfort, growth in every uphill silence.",Lyra Bennett,,,,"I find comfort in discomfort, growth in every uphill silence.",Lyra Bennett,
Direction matters more than the speed of anyone beside me.,Dorian West,,,,Direction matters more than the speed of anyone beside me.,Dorian West,
"A sigma's loyalty is earned, never assumed nor demanded.",Vera Collins,,,,"A sigma's loyalty is earned, never assumed nor demanded.",Vera Collins,
"The best partnerships begin with self-trust, not validation.",Gabriel Stone,,,,"The best partnerships begin with self-trust, not validation.",Gabriel Stone,
"My standards are set internally, not shaped by collective opinions.",Elias Vale,,,,"My standards are set internally, not shaped by collective opinions.",Elias Vale,
"I move in silence, but my vision never sleeps.",Asher Quinn,,,,"I move in silence, but my vision never sleeps.",Asher Quinn,
Growth demands distance from the comfort of familiar patterns.,Noah Everly,,,,Growth demands distance from the comfort of familiar patterns.,Noah Everly,
I value progress made privately more than praise earned publicly.,Isla Maren,,,,I value progress made privately more than praise earned publicly.,Isla Maren,
The unknown only intimidates those who depend on certainty.,Ezra Calloway,,,,The unknown only intimidates those who depend on certainty.,Ezra Calloway,
A sigma male values his independence above all else.,Eva Sinclair,,,,A sigma male values his independence above all else.,Eva Sinclair,
"Success is a personal journey, not a societal race.",Naomi Vale,,,,"Success is a personal journey, not a societal race.",Naomi Vale,
I don't need validation from others to feel good about my choices.,Aria Bennett,,,,I don't need validation from others to feel good about my choices.,Aria Bennett,
"Never give up. Today is hard, tomorrow will be worse, but the day after tomorrow will be sunshine.",Jack Ma,,,,"Never give up. Today is hard, tomorrow will be worse, but the day after tomorrow will be sunshine.",Jack Ma,
Your most unhappy customers are your greatest source of learning.,Bill Gates,,,,Your most unhappy customers are your greatest source of learning.,Bill Gates,
Great things in business are never done by one person. They're done by a team.,Steve Jobs,used,2026-04-04T18:53:42.904768+00:00,outputs/job_12_1775328465.mp4,Great things in business are never done by one person. They're done by a team.,Steve Jobs,
The key is to listen to your heart and let it carry you in the direction of your dreams.,Michael Dell,,,,The key is to listen to your heart and let it carry you in the direction of your dreams.,Michael Dell,
"If you really look closely, most overnight successes took a long time.",Michelle Obama,,,,"If you really look closely, most overnight successes took a long time.",Michelle Obama,
Success is not final; failure is not fatal: it is the courage to continue that counts.,Winston Churchill,,,,Success is not final; failure is not fatal: it is the courage to continue that counts.,Winston Churchill,
The only way to do great work is to love what you do.,Steve Jobs,,,,The only way to do great work is to love what you do.,Steve Jobs,
Conformity is the jailer of freedom and the enemy of growth.,John F. Kennedy,,,,Conformity is the jailer of freedom and the enemy of growth.,John F. Kennedy,
"Play by the rules, but be ferocious.",Phil Knight,,,,"Play by the rules, but be ferocious.",Phil Knight,
Don't be afraid to give up the good to go for the great.,Thomas J. Watson,,,,Don't be afraid to give up the good to go for the great.,Thomas J. Watson,
"First, think. Second, dream. Third, believe. And finally, dare.",Walt Disney,,,,"First, think. Second, dream. Third, believe. And finally, dare.",Walt Disney,
"If you really want to do something, you'll find a way. If you don't, you'll find an excuse.",Jim Rohn,,,,"If you really want to do something, you'll find a way. If you don't, you'll find an excuse.",Jim Rohn,
Genius is one percent inspiration and ninety-nine percent perspiration.,Thomas Edison,,,,Genius is one percent inspiration and ninety-nine percent perspiration.,Thomas Edison,
A satisfied customer is the best business strategy of all.,Michael LeBoeuf,,,,A satisfied customer is the best business strategy of all.,Michael LeBoeuf,
"A ship in the harbour is safe, but that is not what ships are built for.",John A. Shedd,,,,"A ship in the harbour is safe, but that is not what ships are built for.",John A. Shedd,
Winners never quit and quitters never win.,Maeve Hart,,,,Winners never quit and quitters never win.,Maeve Hart,
"Your time is limited, don't waste it living someone else's life.",Steve Jobs,,,,"Your time is limited, don't waste it living someone else's life.",Steve Jobs,
The only way to do great work is to love what you do.,Steve Jobs,,,,The only way to do great work is to love what you do.,Steve Jobs,
I attribute my success to this: I never gave or took any excuse.,Florence Nightingale,,,,I attribute my success to this: I never gave or took any excuse.,Florence Nightingale,
Opportunities don't happen. You create them.,Chris Grosser,,,,Opportunities don't happen. You create them.,Chris Grosser,
"The harder I work, the luckier I get.",Gary Player,,,,"The harder I work, the luckier I get.",Gary Player,
Don't wait for the perfect moment. Take the moment and make it perfect.,Zoey Sayward,,,,Don't wait for the perfect moment. Take the moment and make it perfect.,Zoey Sayward,
"Success is not in what you have, but who you are.",Bo Bennett,,,,"Success is not in what you have, but who you are.",Bo Bennett,
Your positive action combined with positive thinking results in success.,Shiv Khera,,,,Your positive action combined with positive thinking results in success.,Shiv Khera,
The best way to predict the future is to create it.,Peter Drucker,,,,The best way to predict the future is to create it.,Peter Drucker,
It does not matter how slowly you go as long as you do not stop.,Confucius,,,,It does not matter how slowly you go as long as you do not stop.,Confucius,
Entrepreneurship is living a few years of your life like most people won't.,Lena Mercer,,,,Entrepreneurship is living a few years of your life like most people won't.,Lena Mercer,
"When you cease to dream, you cease to live.",Malcolm Forbes,,,,"When you cease to dream, you cease to live.",Malcolm Forbes,
Success is not just about making money. It's about making a difference.,Aurora Lane,,,,Success is not just about making money. It's about making a difference.,Aurora Lane,
"If you're not willing to risk the unusual, you'll have to settle for the ordinary.",Jim Rohn,,,,"If you're not willing to risk the unusual, you'll have to settle for the ordinary.",Jim Rohn,
Be the change you want to see in this world.,Gandhi,,,,Be the change you want to see in this world.,Gandhi,
The only person you are destined to become is the person you decide to be.,Ralph Waldo Emerson,,,,The only person you are destined to become is the person you decide to be.,Ralph Waldo Emerson,
"We are what we repeatedly do. Excellence, then, is not an act but a habit.",Will Durant,,,,"We are what we repeatedly do. Excellence, then, is not an act but a habit.",Will Durant,
Be patient with yourself. You are growing stronger every day.,Nora Ellison,,,,Be patient with yourself. You are growing stronger every day.,Nora Ellison,
We can't become what we need to be by remaining what we are.,Oprah Winfrey,,,,We can't become what we need to be by remaining what we are.,Oprah Winfrey,
"Do the best you can until you know better. Then when you know better, do better.",Maya Angelou,,,,"Do the best you can until you know better. Then when you know better, do better.",Maya Angelou,
"If there is no struggle, there is no progress.",Frederick Douglass,,,,"If there is no struggle, there is no progress.",Frederick Douglass,
Permit yourself to change your mind when something is no longer working for you.,Nedra Glover Tawwab,,,,Permit yourself to change your mind when something is no longer working for you.,Nedra Glover Tawwab,
Be not afraid of growing slowly; be afraid only of standing still.,Chinese Proverb,,,,Be not afraid of growing slowly; be afraid only of standing still.,Chinese Proverb,
"Though no one can go back and make a brand new start, anyone can start from now.",Carl Bard,,,,"Though no one can go back and make a brand new start, anyone can start from now.",Carl Bard,
The swiftest way to triple your success is to double your investment in personal development.,Robin Sharma,,,,The swiftest way to triple your success is to double your investment in personal development.,Robin Sharma,
I would like to think that all of my successes in life are really just the fruit of my failures.,Yvie Oddly,,,,I would like to think that all of my successes in life are really just the fruit of my failures.,Yvie Oddly,
Someone is sitting in the shade today because someone planted a tree a long time ago.,Rowan Blake,,,,Someone is sitting in the shade today because someone planted a tree a long time ago.,Rowan Blake,
There is no path to happiness: Happiness is the path.,Gautama Buddha,,,,There is no path to happiness: Happiness is the path.,Gautama Buddha,
"Always be yourself, express yourself, have faith in yourself.",Bruce Lee,,,,"Always be yourself, express yourself, have faith in yourself.",Bruce Lee,
Life isn't about finding yourself. Life is about creating yourself.,George Bernard Shaw,,,,Life isn't about finding yourself. Life is about creating yourself.,George Bernard Shaw,
You are essentially who you create yourself to be.,Stephen Richards,,,,You are essentially who you create yourself to be.,Stephen Richards,
"By doing the work to love ourselves more, I believe we will love each other better.",Laverne Cox,,,,"By doing the work to love ourselves more, I believe we will love each other better.",Laverne Cox,
Between stimulus and response there is a space. In that space is our power to choose our response.,Viktor Frankl,,,,Between stimulus and response there is a space. In that space is our power to choose our response.,Viktor Frankl,
Outstanding people have one thing in common: an absolute sense of mission.,Zig Ziglar,,,,Outstanding people have one thing in common: an absolute sense of mission.,Zig Ziglar,
"If you are moving forward in your life, you will be happy.",Tony Robbins,,,,"If you are moving forward in your life, you will be happy.",Tony Robbins,
They must often change who would be constant in happiness or wisdom.,Confucius,,,,They must often change who would be constant in happiness or wisdom.,Confucius,
"Excellence is not a skill, it's an attitude.",Ralph Marston,,,,"Excellence is not a skill, it's an attitude.",Ralph Marston,
Don't watch the clock; do what it does. Keep going.,Sam Levenson,,,,Don't watch the clock; do what it does. Keep going.,Sam Levenson,
The difference between ordinary and extraordinary is that little extra.,Jimmy Johnson,,,,The difference between ordinary and extraordinary is that little extra.,Jimmy Johnson,
"Perfection is not attainable, but if we chase perfection we can catch excellence.",Vince Lombardi,,,,"Perfection is not attainable, but if we chase perfection we can catch excellence.",Vince Lombardi,
The secret of joy in work is contained in one word–excellence.,Pearl S. Buck,,,,The secret of joy in work is contained in one word–excellence.,Pearl S. Buck,
A goal properly set is halfway reached.,Zig Ziglar,,,,A goal properly set is halfway reached.,Zig Ziglar,
Success is to be measured not so much by the position one has reached.,Booker T. Washington,,,,Success is to be measured not so much by the position one has reached.,Booker T. Washington,
"The successful warrior is the average man, with laser-like focus.",Bruce Lee,,,,"The successful warrior is the average man, with laser-like focus.",Bruce Lee,
The only way to achieve the impossible is to believe it is possible.,Charles Kingsleigh,,,,The only way to achieve the impossible is to believe it is possible.,Charles Kingsleigh,
"To be successful, you have to have your heart in your business and your business in your heart.",Thomas J. Watson,,,,"To be successful, you have to have your heart in your business and your business in your heart.",Thomas J. Watson,
One way to keep momentum going is to have constantly greater goals.,Michael Korda,,,,One way to keep momentum going is to have constantly greater goals.,Michael Korda,
Action is the foundational key to all success.,Pablo Picasso,,,,Action is the foundational key to all success.,Pablo Picasso,
The man who has confidence in himself gains the confidence of others.,Hasidic Proverb,,,,The man who has confidence in himself gains the confidence of others.,Hasidic Proverb,
It takes 20 years to build a reputation and five minutes to ruin it.,Warren Buffett,,,,It takes 20 years to build a reputation and five minutes to ruin it.,Warren Buffett,
It is not the size of your business that matters; it's the size of your dedication.,Dhirubhai Ambani,,,,It is not the size of your business that matters; it's the size of your dedication.,Dhirubhai Ambani,
"In the business world, the rearview mirror is always clearer than the windshield.",Warren Buffett,,,,"In the business world, the rearview mirror is always clearer than the windshield.",Warren Buffett,
It's not about ideas. It's about making ideas happen.,Scott Belsky,,,,It's not about ideas. It's about making ideas happen.,Scott Belsky,
Success usually comes to those who are too busy to be looking for it.,Henry David Thoreau,,,,Success usually comes to those who are too busy to be looking for it.,Henry David Thoreau,
Success is stumbling from failure to failure with no loss of enthusiasm.,Winston S. Churchill,,,,Success is stumbling from failure to failure with no loss of enthusiasm.,Winston S. Churchill,
The darkest hour has only sixty minutes.,Morris Mandel,,,,The darkest hour has only sixty minutes.,Morris Mandel,
The only limit to our realization of tomorrow will be our doubts of today.,Franklin D. Roosevelt,,,,The only limit to our realization of tomorrow will be our doubts of today.,Franklin D. Roosevelt,
"Do not be embarrassed by your failures, learn from them and start again.",Richard Branson,,,,"Do not be embarrassed by your failures, learn from them and start again.",Richard Branson,
The only place where success comes before work is in the dictionary.,Vidal Sassoon,,,,The only place where success comes before work is in the dictionary.,Vidal Sassoon,
"Believe you can, and you're halfway there.",Theodore Roosevelt,,,,"Believe you can, and you're halfway there.",Theodore Roosevelt,
"Your attitude, not your aptitude, will determine your altitude.",Zig Ziglar,,,,"Your attitude, not your aptitude, will determine your altitude.",Zig Ziglar,
Never give up: Great things take time.,Dhiren Prajapati,,,,Never give up: Great things take time.,Dhiren Prajapati,
Innovate or die.,Peter Drucker,,,,Innovate or die.,Peter Drucker,
Change before you have to.,Jack Welch,,,,Change before you have to.,Jack Welch,
"Strive for progress, not perfection.",Rosalie Frost,,,,"Strive for progress, not perfection.",Rosalie Frost,
Celebrate progress louder than perfection.,Hubert Joly,,,,Celebrate progress louder than perfection.,Hubert Joly,
Quiet leadership is louder than loud management.,Cal Newport,,,,Quiet leadership is louder than loud management.,Cal Newport,
Vision is a team sport.,Simon Sinek,,,,Vision is a team sport.,Simon Sinek,
Compassion scales better than control.,Gary Ham,,,,Compassion scales better than control.,Gary Ham,
If you want to succeed you should strike out on new paths.,John D. Rockefeller,,,,If you want to succeed you should strike out on new paths.,John D. Rockefeller,
Success in management requires learning as fast as the world is changing.,Warren Bennis,,,,Success in management requires learning as fast as the world is changing.,Warren Bennis,
"You know you are on the road to success if you would do your job, and not be paid for it.",Oprah Winfrey,,,,"You know you are on the road to success if you would do your job, and not be paid for it.",Oprah Winfrey,
Optimism is the faith that leads to achievement.,Helen Keller,,,,Optimism is the faith that leads to achievement.,Helen Keller,
Comfort is the enemy of achievement.,Farrah Gray,,,,Comfort is the enemy of achievement.,Farrah Gray,
"All our dreams can come true, if we have the courage to pursue them.",Walt Disney,,,,"All our dreams can come true, if we have the courage to pursue them.",Walt Disney,
High achievement always takes place in the framework of high expectation.,Charles Kettering,,,,High achievement always takes place in the framework of high expectation.,Charles Kettering,
There is no shortcut to achievement. Life requires thorough preparation.,George Washington Carver,,,,There is no shortcut to achievement. Life requires thorough preparation.,George Washington Carver,
Achievement is talent plus preparation.,Malcolm Gladwell,,,,Achievement is talent plus preparation.,Malcolm Gladwell,
Data beats emotions.,Sean Rad,,,,Data beats emotions.,Sean Rad,
Stay self-funded as long as possible.,Garrett Camp,,,,Stay self-funded as long as possible.,Garrett Camp,
"Timing, perseverance, and ten years of trying will eventually make you look like an overnight success.",Biz Stone,,,,"Timing, perseverance, and ten years of trying will eventually make you look like an overnight success.",Biz Stone,
"Choose a job you love, and you will never have to work a day in your life.",Confucius,,,,"Choose a job you love, and you will never have to work a day in your life.",Confucius,
"It's not what you achieve, it's what you overcome. That's what defines your career.",Carlton Fisk,,,,"It's not what you achieve, it's what you overcome. That's what defines your career.",Carlton Fisk,
"Work to become, not to acquire.",Elbert Hubbard,,,,"Work to become, not to acquire.",Elbert Hubbard,
I think everyone should experience defeat at least once during their career.,Lou Holtz,,,,I think everyone should experience defeat at least once during their career.,Lou Holtz,
I want to look back on my career and be proud of the work.,Jon Stewart,,,,I want to look back on my career and be proud of the work.,Jon Stewart,
Dreams are extremely important. You can't do it unless you imagine it.,George Lucas,,,,Dreams are extremely important. You can't do it unless you imagine it.,George Lucas,
"If you can DREAM it, you can DO it.",Walt Disney,,,,"If you can DREAM it, you can DO it.",Walt Disney,
Desire! That's the one secret of every man's career.,Johnny Carson,,,,Desire! That's the one secret of every man's career.,Johnny Carson,
"I can not do everything, but I can do something.",Helen Keller,,,,"I can not do everything, but I can do something.",Helen Keller,
A mind troubled by doubt cannot focus on the course to victory.,Arthur Golden,,,,A mind troubled by doubt cannot focus on the course to victory.,Arthur Golden,
"It's not the days in your life, but the life in your days that counts.",Brian White,,,,"It's not the days in your life, but the life in your days that counts.",Brian White,
Success is how high you bounce when you hit bottom.,General George Patton,,,,Success is how high you bounce when you hit bottom.,General George Patton,
Anyone who has never made a mistake has never tried anything new.,Albert Einstein,,,,Anyone who has never made a mistake has never tried anything new.,Albert Einstein,
Do not be too timid and squeamish about your actions. All life is an experiment.,Ralph Waldo Emerson,,,,Do not be too timid and squeamish about your actions. All life is an experiment.,Ralph Waldo Emerson,
"All you need in this life is ignorance and confidence, and then success is sure.",Mark Twain,,,,"All you need in this life is ignorance and confidence, and then success is sure.",Mark Twain,
You can't build a reputation on what you're going to do.,Confucius,,,,You can't build a reputation on what you're going to do.,Confucius,
Never become so much of an expert that you stop gaining expertise.,Denis Waitley,,,,Never become so much of an expert that you stop gaining expertise.,Denis Waitley,
The interaction of knowledge and skills with experience is key to learning.,John Dewey,,,,The interaction of knowledge and skills with experience is key to learning.,John Dewey,
An empowered and enriched workforce is the backbone of a company's success.,Ananya Birla,,,,An empowered and enriched workforce is the backbone of a company's success.,Ananya Birla,
The only thing worse than training your employees and having them leave is not training them.,Henry Ford,,,,The only thing worse than training your employees and having them leave is not training them.,Henry Ford,
"An organization's ability to learn, and translate that learning into action rapidly, is the ultimate advantage.",Jack Welch,,,,"An organization's ability to learn, and translate that learning into action rapidly, is the ultimate advantage.",Jack Welch,
"We don't care what people know, we care what they do. It's all about performance.",Michael Allen,,,,"We don't care what people know, we care what they do. It's all about performance.",Michael Allen,
"Over the long run, superior performance depends on superior learning.",Peter Senge,,,,"Over the long run, superior performance depends on superior learning.",Peter Senge,
The growth and development of people is the highest calling of leadership.,Harvey S. Firestone,,,,The growth and development of people is the highest calling of leadership.,Harvey S. Firestone,
What's going to make a difference to your organization is not the ability to recite facts.,Clark Quinn,,,,What's going to make a difference to your organization is not the ability to recite facts.,Clark Quinn,
The best development programmes change the way people see themselves.,John Bright,,,,The best development programmes change the way people see themselves.,John Bright,
"Talent wins games, but teamwork and intelligence win championships.",Michael Jordan,,,,"Talent wins games, but teamwork and intelligence win championships.",Michael Jordan,
The strength of the team is each member. The strength of each member is the team.,Phil Jackson,,,,The strength of the team is each member. The strength of each member is the team.,Phil Jackson,
Collaboration allows us to know more than we are capable of knowing by ourselves.,Paul Solarz,,,,Collaboration allows us to know more than we are capable of knowing by ourselves.,Paul Solarz,
The whole is greater than the sum of its parts.,Aristotle,,,,The whole is greater than the sum of its parts.,Aristotle,
Synergy is the bonus that is achieved when things work together harmoniously.,Mark Twain,,,,Synergy is the bonus that is achieved when things work together harmoniously.,Mark Twain,
Teamwork is the secret that makes common people achieve uncommon results.,Ifeanyi Onuoha,,,,Teamwork is the secret that makes common people achieve uncommon results.,Ifeanyi Onuoha,
"Coming together is a beginning, keeping together is progress, working together is a success.",Henry Ford,,,,"Coming together is a beginning, keeping together is progress, working together is a success.",Henry Ford,
Alone we can do so little; together we can do so much.,Helen Keller,,,,Alone we can do so little; together we can do so much.,Helen Keller,
"A leader knows the way, goes the way, and shows the way.",John C. Maxwell,,,,"A leader knows the way, goes the way, and shows the way.",John C. Maxwell,
The greatest leader is not necessarily the one who does the greatest things.,Ronald Reagan,,,,The greatest leader is not necessarily the one who does the greatest things.,Ronald Reagan,
Leadership is the capacity to translate vision into reality.,Warren Bennis,,,,Leadership is the capacity to translate vision into reality.,Warren Bennis,
"Lead by example, not by authority.",Silas Reed,,,,"Lead by example, not by authority.",Silas Reed,
"True leadership arises from influence, not position.",Celia Monroe,,,,"True leadership arises from influence, not position.",Celia Monroe,
"Create more leaders, not followers.",Iris Mercer,,,,"Create more leaders, not followers.",Iris Mercer,
The strength of a leader is reflected in how they lift others.,Lucian Hale,,,,The strength of a leader is reflected in how they lift others.,Lucian Hale,
Great leaders create great futures.,Jonas Creed,,,,Great leaders create great futures.,Jonas Creed,
"Leadership is an art, and legacy is its canvas.",Elise Monroe,,,,"Leadership is an art, and legacy is its canvas.",Elise Monroe,
"A good leader knows the way, shows the way, and goes the way.",Adrian Hart,,,,"A good leader knows the way, shows the way, and goes the way.",Adrian Hart,
"Innovate, inspire, and transform—this is leadership.",Sienna Vale,,,,"Innovate, inspire, and transform—this is leadership.",Sienna Vale,
Courage to follow one's vision defines true leadership.,Roman Ellis,,,,Courage to follow one's vision defines true leadership.,Roman Ellis,
Leadership is the impact you have on the lives around you.,Felix Arden,,,,Leadership is the impact you have on the lives around you.,Felix Arden,
A leader steps up when others back down.,Adele Rowan,,,,A leader steps up when others back down.,Adele Rowan,
A leader's legacy is in the leaders they leave behind.,Sebastian Wren,,,,A leader's legacy is in the leaders they leave behind.,Sebastian Wren,
Don't follow the path; blaze your trail.,Selene Harper,,,,Don't follow the path; blaze your trail.,Selene Harper,
Forge your path with the hammer of determination.,Mira Solen,,,,Forge your path with the hammer of determination.,Mira Solen,
"In the midst of chaos, find your calm.",Matteo Vale,,,,"In the midst of chaos, find your calm.",Matteo Vale,
Lead with integrity and inspire others through your authenticity.,Micah Sterling,,,,Lead with integrity and inspire others through your authenticity.,Micah Sterling,
"Respect is earned, not demanded.",Stacey Halls,,,,"Respect is earned, not demanded.",Stacey Halls,
Champions keep playing until they get it right.,Billie Jean King,,,,Champions keep playing until they get it right.,Billie Jean King,
Your story is written with each step you take.,Cassian Wolfe,,,,Your story is written with each step you take.,Cassian Wolfe,
"In a world full of followers, be the leader of your destiny.",Lang Leav,,,,"In a world full of followers, be the leader of your destiny.",Lang Leav,
Success is not a destination; it's a continuous journey.,Clara Voss,,,,Success is not a destination; it's a continuous journey.,Clara Voss,
Every day is an opportunity to redefine yourself.,Elara Quinn,,,,Every day is an opportunity to redefine yourself.,Elara Quinn,
"Lead by example, inspire with action.",Damian North,,,,"Lead by example, inspire with action.",Damian North,
Success is not measured by popularity but by impact.,Daphne Cross,,,,Success is not measured by popularity but by impact.,Daphne Cross,
"The best revenge is a life well-lived, guided by sigma principles.",Amara Sloan,,,,"The best revenge is a life well-lived, guided by sigma principles.",Amara Sloan,
"In the game of life, I am the rule maker, not the rule follower.",Rumi,,,,"In the game of life, I am the rule maker, not the rule follower.",Rumi,
"Quality over quantity, always.",Levi Ashford,,,,"Quality over quantity, always.",Levi Ashford,
"Writing my own story, living by my own rules.",Ivy Laurent,,,,"Writing my own story, living by my own rules.",Ivy Laurent,
I don't need a spotlight; I create my own shine.,Julian Cross,,,,I don't need a spotlight; I create my own shine.,Julian Cross,
Embrace your uniqueness; it's your power.,Freya Lennox,,,,Embrace your uniqueness; it's your power.,Freya Lennox,
"Unapologetically myself, always.",Orion Frost,,,,"Unapologetically myself, always.",Orion Frost,
"In a world of followers, be a leader on your unique path.",Theo Maren,,,,"In a world of followers, be a leader on your unique path.",Theo Maren,
Forge your resolve where others hesitate to gaze.,Ivy Laurent,,,,Forge your resolve where others hesitate to gaze.,Ivy Laurent,
Independence is built in the moments nobody notices.,Mira Solen,used,2026-04-04T18:47:07.109294+00:00,outputs/job_11_1775328206.mp4,Independence is built in the moments nobody notices.,Mira Solen,
Guard your peace like it's an undiscovered treasure.,Rowan Blake,,,,Guard your peace like it's an undiscovered treasure.,Rowan Blake,
Conviction isn't borrowed; it's carved from struggle.,Aurora Lane,,,,Conviction isn't borrowed; it's carved from struggle.,Aurora Lane,
Loyalty is a promise you keep first to your own principles.,Lucian Hale,,,,Loyalty is a promise you keep first to your own principles.,Lucian Hale,
The best thing to hold onto in life is each other.,Audrey Hepburn,,,,The best thing to hold onto in life is each other.,Audrey Hepburn,
"I have waited for this opportunity for more than half a century, to repeat to you once again my vow of eternal fidelity.",Gabriel Garcia Marquez,,,,"I have waited for this opportunity for more than half a century, to repeat to you once again my vow of eternal fidelity.",Gabriel Garcia Marquez,
The heart has its reasons which reason knows not.,Blaise Pascal,,,,The heart has its reasons which reason knows not.,Blaise Pascal,
You make my world brighter and my heart lighter.,Celia Monroe,,,,You make my world brighter and my heart lighter.,Celia Monroe,
You are the reason for my smile and the beat in my heart.,Dorian West,,,,You are the reason for my smile and the beat in my heart.,Dorian West,
Home is wherever I'm with you.,Damian North,,,,Home is wherever I'm with you.,Damian North,
Everything feels right when I'm with you.,Cassian Wolfe,,,,Everything feels right when I'm with you.,Cassian Wolfe,
You are my today and all of my tomorrows.,Clara Voss,,,,You are my today and all of my tomorrows.,Clara Voss,
You bring me happiness even on the darkest days.,Orion Frost,,,,You bring me happiness even on the darkest days.,Orion Frost,
Your love gives me wings to fly.,Lena Mercer,,,,Your love gives me wings to fly.,Lena Mercer,
"No matter what happens, having you by my side is all I need.",Levi Ashford,,,,"No matter what happens, having you by my side is all I need.",Levi Ashford,
You are the most important person in my world.,Sienna Vale,,,,You are the most important person in my world.,Sienna Vale,
Loving you is the best decision of my life.,Ezra Calloway,,,,Loving you is the best decision of my life.,Ezra Calloway,
"You're weird, but so am I. Perfect match!",Nora Ellison,,,,"You're weird, but so am I. Perfect match!",Nora Ellison,
I love you almost as much as I love dessert.,Roman Ellis,,,,I love you almost as much as I love dessert.,Roman Ellis,
Our relationship is like a fine wine—it keeps getting better with age.,Freya Lennox,,,,Our relationship is like a fine wine—it keeps getting better with age.,Freya Lennox,
"You stole my heart, but I'll let you keep it.",Julian Cross,,,,"You stole my heart, but I'll let you keep it.",Julian Cross,
You're the only fish in the sea for me.,Eva Sinclair,,,,You're the only fish in the sea for me.,Eva Sinclair,
"You are every reason, every hope, and every dream I've ever had.",Nicholas Sparks,,,,"You are every reason, every hope, and every dream I've ever had.",Nicholas Sparks,
"To me, you are perfect.",Love Actually,,,,"To me, you are perfect.",Love Actually,
"Your love is better than ice cream, better than anything else that I've tried.",Sarah McLachlan,,,,"Your love is better than ice cream, better than anything else that I've tried.",Sarah McLachlan,
Here's to love that grows stronger with each passing year.,Felix Arden,,,,Here's to love that grows stronger with each passing year.,Felix Arden,
Every day I love you more. Every year our love becomes unshakable.,Caleb Wilde,,,,Every day I love you more. Every year our love becomes unshakable.,Caleb Wilde,
"I choose you, again and always.",Nathaniel Gray,,,,"I choose you, again and always.",Nathaniel Gray,
"The best is yet to come, because I'm with you.",Daphne Cross,,,,"The best is yet to come, because I'm with you.",Daphne Cross,
A year with you feels like a lifetime of happiness.,Aria Bennett,,,,A year with you feels like a lifetime of happiness.,Aria Bennett,
"I can't imagine my world without you. Please forgive me, my love.",Maeve Hart,,,,"I can't imagine my world without you. Please forgive me, my love.",Maeve Hart,
"Mistakes are made to be learned from, but love is made to endure.",Elias Vale,,,,"Mistakes are made to be learned from, but love is made to endure.",Elias Vale,
"I may not be perfect, but my love for you is endless.",Noah Everly,,,,"I may not be perfect, but my love for you is endless.",Noah Everly,
Distance means so little when someone means so much.,Micah Sterling,,,,Distance means so little when someone means so much.,Micah Sterling,
"Absence sharpens love, presence strengthens it.",Thomas Fuller,,,,"Absence sharpens love, presence strengthens it.",Thomas Fuller,
"I think about you every day, even though we're far apart.",Gabriel Stone,,,,"I think about you every day, even though we're far apart.",Gabriel Stone,
"The stars remind me that we're under the same sky, even if we're miles away.",Vera Collins,,,,"The stars remind me that we're under the same sky, even if we're miles away.",Vera Collins,
Our love is stronger than any distance between us.,Theo Maren,,,,Our love is stronger than any distance between us.,Theo Maren,
"Someday we'll close the distance, and it will all be worth it.",Rosalie Frost,,,,"Someday we'll close the distance, and it will all be worth it.",Rosalie Frost,
I carry your heart with me (I carry it in my heart).,E.E. Cummings,,,,I carry your heart with me (I carry it in my heart).,E.E. Cummings,
"Though I miss you, I feel closer to you than ever.",Naomi Vale,,,,"Though I miss you, I feel closer to you than ever.",Naomi Vale,
True love doesn't mean being inseparable; it means being connected even when apart.,Elara Quinn,,,,True love doesn't mean being inseparable; it means being connected even when apart.,Elara Quinn,
Distance gives us a reason to love harder.,Adrian Hart,,,,Distance gives us a reason to love harder.,Adrian Hart,
You are my forever flame.,Matteo Vale,,,,You are my forever flame.,Matteo Vale,
"The best is yet to come, and I can't wait to spend it with you.",Sebastian Wren,,,,"The best is yet to come, and I can't wait to spend it with you.",Sebastian Wren,
Every moment with you feels like falling in love all over again.,Lyra Bennett,used,2026-04-04T16:25:08.410619+00:00,outputs/job_7_1775319652.mp4,Every moment with you feels like falling in love all over again.,Lyra Bennett,
You light me up in ways I never thought possible.,Elise Monroe,,,,You light me up in ways I never thought possible.,Elise Monroe,
You haven't just changed my life—you've become my life.,Isla Maren,,,,You haven't just changed my life—you've become my life.,Isla Maren,
Here's to making new memories while cherishing the old.,Selene Harper,,,,Here's to making new memories while cherishing the old.,Selene Harper,
Some people are worth melting for.,Frozen,,,,Some people are worth melting for.,Frozen,
"If all I got is your hand in my hand, baby I could die a happy man.",Thomas Rhett,,,,"If all I got is your hand in my hand, baby I could die a happy man.",Thomas Rhett,
"You are my sun, my moon, and all my stars.",E. E. Cummings,,,,"You are my sun, my moon, and all my stars.",E. E. Cummings,
My soul and your soul are forever tangled.,N.R. Hart,,,,My soul and your soul are forever tangled.,N.R. Hart,
Love her but leave her wild.,Atticus,,,,Love her but leave her wild.,Atticus,
I knew I loved you before I met you.,Savage Garden,,,,I knew I loved you before I met you.,Savage Garden,
Love is friendship on fire.,Susan Sontag,,,,Love is friendship on fire.,Susan Sontag,
I love you if you love me.,Roberto Cavalli,,,,I love you if you love me.,Roberto Cavalli,
A loving relationship is one in which the loved one is free to be himself.,Leo F. Buscaglia,,,,A loving relationship is one in which the loved one is free to be himself.,Leo F. Buscaglia,
I need you like a heart needs a beat.,Iris Mercer,,,,I need you like a heart needs a beat.,Iris Mercer,
I am who I am because of you.,The Notebook,,,,I am who I am because of you.,The Notebook,
I would rather spend one lifetime with you than face all the ages of this world alone.,J.R.R. Tolkien,,,,I would rather spend one lifetime with you than face all the ages of this world alone.,J.R.R. Tolkien,
"Because of you, I can feel myself slowly, but surely, becoming the me I have always dreamed of being.",Tyler Knott Gregson,,,,"Because of you, I can feel myself slowly, but surely, becoming the me I have always dreamed of being.",Tyler Knott Gregson,
"Love does not consist in gazing at each other, but in looking outward together.",Antoine de Saint-Exupery,,,,"Love does not consist in gazing at each other, but in looking outward together.",Antoine de Saint-Exupery,
"It was love at first sight, at last sight, at ever and ever sight.",Vladimir Nabokov,,,,"It was love at first sight, at last sight, at ever and ever sight.",Vladimir Nabokov,
In real love you want the other person's good. In romantic love you want the other person.,Margaret Anderson,,,,In real love you want the other person's good. In romantic love you want the other person.,Margaret Anderson,
Success in business requires training and discipline and hard work.,David Rockefeller,,,,Success in business requires training and discipline and hard work.,David Rockefeller,
I've come to believe that each of us has a personal calling that's as unique as a fingerprint.,Oprah Winfrey,,,,I've come to believe that each of us has a personal calling that's as unique as a fingerprint.,Oprah Winfrey,
It's not about money or connections. It's the willingness to outwork and outlearn everyone.,Mark Cuban,,,,It's not about money or connections. It's the willingness to outwork and outlearn everyone.,Mark Cuban,
Always go with the choice that scares you the most.,Caroline Myss,,,,Always go with the choice that scares you the most.,Caroline Myss,
Happiness is the real sense of fulfillment that comes from hard work.,Joseph Roland Barbera,,,,Happiness is the real sense of fulfillment that comes from hard work.,Joseph Roland Barbera,
Doing the best at this moment puts you in the best place for the next moment.,Jonas Creed,,,,Doing the best at this moment puts you in the best place for the next moment.,Jonas Creed,
"Nature does not hurry, yet everything is accomplished.",Lao Tzu,,,,"Nature does not hurry, yet everything is accomplished.",Lao Tzu,
"I doubt I'll ever go back to corporate work. Once you see the light, there is no turning back.",Magnus Jepson,,,,"I doubt I'll ever go back to corporate work. Once you see the light, there is no turning back.",Magnus Jepson,
Formal education will make you a living; self-education will make you a fortune.,Jim Rohn,,,,Formal education will make you a living; self-education will make you a fortune.,Jim Rohn,
Employ your time in improving yourself by other men's writings.,Socrates,,,,Employ your time in improving yourself by other men's writings.,Socrates,
Change equals self-improvement. Push yourself to places you haven't been before.,Pat Summitt,,,,Change equals self-improvement. Push yourself to places you haven't been before.,Pat Summitt,
Motivation will almost always beat mere talent.,Amara Sloan,,,,Motivation will almost always beat mere talent.,Amara Sloan,
Let me tell you the secret that has led me to my goals: my strength lies solely in my tenacity.,Louis Pasteur,,,,Let me tell you the secret that has led me to my goals: my strength lies solely in my tenacity.,Louis Pasteur,
Dreams without goals remain dreams and ultimately disappoint.,Denzel Washington,,,,Dreams without goals remain dreams and ultimately disappoint.,Denzel Washington,
Even the darkest night will end and the sun will rise.,Victor Hugo,,,,Even the darkest night will end and the sun will rise.,Victor Hugo,
Go confidently in the direction of your dreams. Live the life you have imagined.,Henry David Thoreau,,,,Go confidently in the direction of your dreams. Live the life you have imagined.,Henry David Thoreau,
"Once you remove any hint of judgment, changing your habits becomes an uplifting journey.",BJ Fogg,,,,"Once you remove any hint of judgment, changing your habits becomes an uplifting journey.",BJ Fogg,
"To design the future effectively, you must first let go of your past.",Charles J. Givens,,,,"To design the future effectively, you must first let go of your past.",Charles J. Givens,
"If you find a path with no obstacles, it probably doesn't lead anywhere.",Frank A. Clark,,,,"If you find a path with no obstacles, it probably doesn't lead anywhere.",Frank A. Clark,
There is nothing noble in being superior to your fellow man; true nobility is being superior to your former self.,Asher Quinn,,,,There is nothing noble in being superior to your fellow man; true nobility is being superior to your former self.,Asher Quinn,
Don't let the fear of striking out hold you back.,Babe Ruth,,,,Don't let the fear of striking out hold you back.,Babe Ruth,
You don't live a life of 'anything is possible'; you live a life of 'some things are possible.',Gary John Bishop,,,,You don't live a life of 'anything is possible'; you live a life of 'some things are possible.',Gary John Bishop,
"Don't be a coward. Part of life, and part of becoming wealthy is taking responsibility.",Scott Trench,,,,"Don't be a coward. Part of life, and part of becoming wealthy is taking responsibility.",Scott Trench,
"The more you believe in yourself, the more you can achieve.",Zig Ziglar,,,,"The more you believe in yourself, the more you can achieve.",Zig Ziglar,
Your mindset determines your success.,Carol Dweck,,,,Your mindset determines your success.,Carol Dweck,
"Whether you think you can or you think you can't, you're right.",Henry Ford,,,,"Whether you think you can or you think you can't, you're right.",Henry Ford,
Stop talking about other people. It's a distraction from owning and changing your own life.,Gary John Bishop,,,,Stop talking about other people. It's a distraction from owning and changing your own life.,Gary John Bishop,
"Our greatest glory is not in never falling, but in rising every time we fall.",Confucius,,,,"Our greatest glory is not in never falling, but in rising every time we fall.",Confucius,
"You have power over your mind – not outside events. Realize this, and you will find strength.",Marcus Aurelius,,,,"You have power over your mind – not outside events. Realize this, and you will find strength.",Marcus Aurelius,
Don't let the fear of striking out hold you back.,Babe Ruth,,,,Don't let the fear of striking out hold you back.,Babe Ruth,
If you want to achieve greatness stop asking for permission.,Adele Rowan,,,,If you want to achieve greatness stop asking for permission.,Adele Rowan,
"Chase the vision, not the money. The money will end up following you.",Tony Hsieh,,,,"Chase the vision, not the money. The money will end up following you.",Tony Hsieh,
The only way to discover the limits of the possible is to go beyond them into the impossible.,Arthur C. Clarke,,,,The only way to discover the limits of the possible is to go beyond them into the impossible.,Arthur C. Clarke,
"The key to success is to focus on goals, not obstacles.",Silas Reed,,,,"The key to success is to focus on goals, not obstacles.",Silas Reed,
Don't watch the clock; do what it does. Keep going.,Sam Levenson,,,,Don't watch the clock; do what it does. Keep going.,Sam Levenson,
Success is not the absence of failure but the persistence through it.,Damian North,,,,Success is not the absence of failure but the persistence through it.,Damian North,
Believe in yourself even when no one else does.,Sebastian Wren,,,,Believe in yourself even when no one else does.,Sebastian Wren,
The only impossible journey is the one you never begin.,Tony Robbins,,,,The only impossible journey is the one you never begin.,Tony Robbins,
Your limitation—it's only your imagination.,Dorian West,,,,Your limitation—it's only your imagination.,Dorian West,
"When you have a dream, you've got to grab it and never let go.",Carol Burnett,,,,"When you have a dream, you've got to grab it and never let go.",Carol Burnett,
Nothing is impossible. The word itself says 'I'm possible'!,Audrey Hepburn,,,,Nothing is impossible. The word itself says 'I'm possible'!,Audrey Hepburn,
There is always a way—if you're committed.,Tony Robbins,,,,There is always a way—if you're committed.,Tony Robbins,
The question isn't who is going to let me; it's who is going to stop me.,Ayn Rand,,,,The question isn't who is going to let me; it's who is going to stop me.,Ayn Rand,
"Don't aim at success. The more aim at it and make it a target, the more you are going to miss it.",Viktor Frankl,,,,"Don't aim at success. The more aim at it and make it a target, the more you are going to miss it.",Viktor Frankl,
Success usually comes to those who are too busy to be looking for it.,Henry David Thoreau,,,,Success usually comes to those who are too busy to be looking for it.,Henry David Thoreau,
I am not what happened to me. I am what I choose to become.,Carl Jung,,,,I am not what happened to me. I am what I choose to become.,Carl Jung,
The future depends on what you do today.,Mahatma Gandhi,,,,The future depends on what you do today.,Mahatma Gandhi,
"If you think you can do a thing or think you can't do a thing, you're right.",Henry Ford,,,,"If you think you can do a thing or think you can't do a thing, you're right.",Henry Ford,
Perseverance is not a long race; it is many short races one after the other.,Walter Elliot,,,,Perseverance is not a long race; it is many short races one after the other.,Walter Elliot,
The only difference between who you are and who you want to be is what you do.,Bill Phillips,,,,The only difference between who you are and who you want to be is what you do.,Bill Phillips,
Success is the sum of small efforts repeated day in and day out.,Robert Collier,,,,Success is the sum of small efforts repeated day in and day out.,Robert Collier,
A good heart is better than all the heads in the world.,Edward Bulwer-Lytton,,,,A good heart is better than all the heads in the world.,Edward Bulwer-Lytton,
"Believe in yourself, your abilities and your own potential.",Roy T. Bennett,,,,"Believe in yourself, your abilities and your own potential.",Roy T. Bennett,
Never let self-doubt hold you captive. You are worthy of all that you dream.,Roy T. Bennett,,,,Never let self-doubt hold you captive. You are worthy of all that you dream.,Roy T. Bennett,
"Absorb what is useful, Discard what is not, Add what is uniquely your own.",Bruce Lee,,,,"Absorb what is useful, Discard what is not, Add what is uniquely your own.",Bruce Lee,
"Don't go through life, grow through life.",Eric Butterworth,,,,"Don't go through life, grow through life.",Eric Butterworth,
Life's challenges are not supposed to paralyze you.,Bernice Johnson Reagon,,,,Life's challenges are not supposed to paralyze you.,Bernice Johnson Reagon,
A man's finest cologne is sweat from his hard labor.,Eva Sinclair,,,,A man's finest cologne is sweat from his hard labor.,Eva Sinclair,
Have the confidence to face any challenge front-on by yourself.,Micah Sterling,,,,Have the confidence to face any challenge front-on by yourself.,Micah Sterling,
A lone wolf with a pack mentality.,Theo Maren,,,,A lone wolf with a pack mentality.,Theo Maren,
Never fear anyone.,Mira Solen,,,,Never fear anyone.,Mira Solen,
The first rule is that there are no rules.,Felix Arden,,,,The first rule is that there are no rules.,Felix Arden,
"Men don't come of age, they come of wisdom.",Jonas Creed,,,,"Men don't come of age, they come of wisdom.",Jonas Creed,
Put more of your energy into listening than talking.,Rosalie Frost,,,,Put more of your energy into listening than talking.,Rosalie Frost,
"If you don't know what your want, you'll end up with things you don't need.",Freya Lennox,,,,"If you don't know what your want, you'll end up with things you don't need.",Freya Lennox,
"Not only do I survive but thrive, for I am born to be a Sigma male.",Matteo Vale,,,,"Not only do I survive but thrive, for I am born to be a Sigma male.",Matteo Vale,
Sigma males march to the beat of their own drum.,Noah Everly,,,,Sigma males march to the beat of their own drum.,Noah Everly,
"In a world full of followers, be the leader of your destiny.",Vera Collins,,,,"In a world full of followers, be the leader of your destiny.",Vera Collins,
I'm a man of few words and even fewer opinions.,Levi Ashford,,,,I'm a man of few words and even fewer opinions.,Levi Ashford,
The sigma male never settles for mediocrity.,Maeve Hart,,,,The sigma male never settles for mediocrity.,Maeve Hart,
Your story is written with each step you take.,Roman Ellis,,,,Your story is written with each step you take.,Roman Ellis,
Create your script; refuse the roles handed to you.,Julian Cross,,,,Create your script; refuse the roles handed to you.,Julian Cross,
Your standards set your altitude—never apologize for them.,Elara Quinn,,,,Your standards set your altitude—never apologize for them.,Elara Quinn,
"Let actions narrate your story, not noise or explanations.",Asher Quinn,,,,"Let actions narrate your story, not noise or explanations.",Asher Quinn,
Pioneers are ridiculed by those following the map.,Elias Vale,,,,Pioneers are ridiculed by those following the map.,Elias Vale,
"Adapt the rules to fit your mission, not the other way around.",Orion Frost,,,,"Adapt the rules to fit your mission, not the other way around.",Orion Frost,
"Shape your identity with intent, not imitation.",Naomi Vale,,,,"Shape your identity with intent, not imitation.",Naomi Vale,
"Turn challenges into teachers, not chain links.",Cassian Wolfe,,,,"Turn challenges into teachers, not chain links.",Cassian Wolfe,
Your vision is clearest away from the commotion.,Elise Monroe,,,,Your vision is clearest away from the commotion.,Elise Monroe,
Let your conviction be louder than your words.,Clara Voss,,,,Let your conviction be louder than your words.,Clara Voss,
Move in silence; arrival matters more than announcement.,Nathaniel Gray,,,,Move in silence; arrival matters more than announcement.,Nathaniel Gray,
What others dismiss often holds your greatest potential.,Daphne Cross,,,,What others dismiss often holds your greatest potential.,Daphne Cross,
"Risk the unknown, for comfort hides your true edges.",Sienna Vale,,,,"Risk the unknown, for comfort hides your true edges.",Sienna Vale,
The only journey is the journey within.,Rainer Maria Rilke,,,,The only journey is the journey within.,Rainer Maria Rilke,
"Life is like riding a bicycle. To keep your balance, you must keep moving.",Albert Einstein,,,,"Life is like riding a bicycle. To keep your balance, you must keep moving.",Albert Einstein,
The only person who can truly make you happy is you.,David Leonhardt,,,,The only person who can truly make you happy is you.,David Leonhardt,
Be the reason someone smiles. Be the reason someone feels loved.,Roy T. Bennett,,,,Be the reason someone smiles. Be the reason someone feels loved.,Roy T. Bennett,
"You can't use up creativity. The more you use, the more you have.",Maya Angelou,,,,"You can't use up creativity. The more you use, the more you have.",Maya Angelou,
We cannot live only for ourselves. A thousand fibers connect us.,Herman Melville,,,,We cannot live only for ourselves. A thousand fibers connect us.,Herman Melville,
Gratitude is the healthiest of human emotions.,Mehmet Oz,,,,Gratitude is the healthiest of human emotions.,Mehmet Oz,
"In the end, it's not the years in your life that count. It's the life in your years.",Abraham Lincoln,,,,"In the end, it's not the years in your life that count. It's the life in your years.",Abraham Lincoln,
"If you want to lift yourself up, lift up someone else.",Booker T. Washington,,,,"If you want to lift yourself up, lift up someone else.",Booker T. Washington,
The greatest wealth is health.,Ivy Laurent,,,,The greatest wealth is health.,Ivy Laurent,
The mind is everything. What you think you become.,Buddha,,,,The mind is everything. What you think you become.,Buddha,
Wisdom is not found in books alone.,Adrian Hart,,,,Wisdom is not found in books alone.,Adrian Hart,
True wisdom comes to each of us when we realize how little we understand.,Socrates,,,,True wisdom comes to each of us when we realize how little we understand.,Socrates,
The only true wisdom is in knowing you know nothing.,Socrates,,,,The only true wisdom is in knowing you know nothing.,Socrates,
Everything we know has been taught to us.,Celia Monroe,,,,Everything we know has been taught to us.,Celia Monroe,
To know oneself is the beginning of wisdom.,Socrates,,,,To know oneself is the beginning of wisdom.,Socrates,
He who conquers himself is greater than he who conquers a thousand men in battle.,Buddha,,,,He who conquers himself is greater than he who conquers a thousand men in battle.,Buddha,
"The greatest glory in living lies not in never falling, but in rising every time we fall.",Nelson Mandela,,,,"The greatest glory in living lies not in never falling, but in rising every time we fall.",Nelson Mandela,
The most important time is now. The most important person is the one you are with.,Eckhart Tolle,,,,The most important time is now. The most important person is the one you are with.,Eckhart Tolle,
"Wherever you are, be all there.",Jim Elliot,,,,"Wherever you are, be all there.",Jim Elliot,
"The past is a place of reference, not a place of residence.",Roy T. Bennett,,,,"The past is a place of reference, not a place of residence.",Roy T. Bennett,
"Your future is created by what you do today, not tomorrow.",Robert Kiyosaki,,,,"Your future is created by what you do today, not tomorrow.",Robert Kiyosaki,
"Yesterday is history, tomorrow is a mystery, but today is a gift.",Bill Keane,,,,"Yesterday is history, tomorrow is a mystery, but today is a gift.",Bill Keane,
"Life is a journey, not a destination.",Ralph Waldo Emerson,,,,"Life is a journey, not a destination.",Ralph Waldo Emerson,
The best time to plant a tree was 20 years ago. The second best time is now.,Chinese Proverb,,,,The best time to plant a tree was 20 years ago. The second best time is now.,Chinese Proverb,
